Employee_id,First_Name,Last_Name,DOB,Department_id,Date_of_Joining,Salary,Manager_id
1,Toby,Clewes,06/02/19110,1,04/06/2001,125.48.42.239,1
2,Chariot,Candie,26/11/10911,12,08/12/2011,191.240.225.212,2
3,Valery,Lowton,07/07/6548,16,02/04/2001,65.195.87.205,3
4,Avis,Conboy,20/09/14240,11,29/09/2008,221.61.139.108,4
5,Merrill,Forge,24/08/16442,3,16/10/2010,45.113.251.118,5
6,Abigael,Camosso,22/02/11502,9,30/05/2009,128.214.6.135,6
7,Gerianna,McGroarty,16/07/16390,7,24/01/2008,197.124.114.16,7
8,Goraud,Heningam,02/06/14103,6,01/07/2007,175.35.215.194,8
9,Welsh,Barthelet,25/03/4536,6,29/03/2017,168.237.84.34,9
10,Elle,Fergyson,29/01/9860,8,09/10/2009,203.215.45.87,10
11,Stillmann,Klimus,29/03/5933,20,05/09/2002,255.95.122.189,11
12,Rena,Bisgrove,26/11/19642,2,26/11/2003,195.147.104.206,12
13,Dina,Walasik,24/05/8510,1,05/08/2004,143.228.231.213,13
14,Glen,Noweak,06/07/6156,11,21/12/2006,179.97.170.107,14
15,Hinze,Cattell,06/03/19020,5,27/10/2018,34.130.31.51,15
16,Oby,Totaro,24/12/13859,1,30/06/2012,180.226.109.170,16
17,Kiel,Cauley,27/05/7608,11,04/04/2019,14.57.86.81,17
18,Izabel,Cleyburn,07/12/14217,4,25/11/2006,209.173.199.146,18
19,Curcio,Richards,15/09/4490,13,10/07/2018,44.26.135.148,19
20,Laura,Saggs,27/03/3736,6,23/06/2012,112.76.238.231,20
21,Winn,Cornfoot,03/03/17567,19,10/07/2010,228.35.68.116,21
22,Stephen,Goodlake,22/03/10241,15,03/11/2005,102.213.92.102,22
23,Spenser,Jessel,31/05/11446,18,19/10/2003,47.168.136.114,23
24,Zaneta,De Ambrosis,23/06/18479,18,04/09/2005,42.36.96.60,24
25,Etan,Phillp,03/10/15338,3,08/11/2008,4.171.156.120,25
26,Milicent,Dinesen,23/02/10954,1,25/11/2001,210.138.60.207,26
27,Claire,Bischop,27/08/8851,10,06/02/2006,199.24.84.227,27
28,Barbara-anne,Calverley,03/11/3158,16,21/01/2012,222.95.162.42,28
29,Katrine,O'Corr,02/06/12925,4,08/08/2007,86.134.252.224,29
30,Celle,Cumo,21/09/5915,3,26/12/2003,56.128.60.219,30
31,Maryanna,Matteris,16/02/19342,20,05/12/2019,108.99.175.130,31
32,Danielle,Seine,03/05/6368,1,05/03/2003,59.150.95.108,32
33,Dyanna,Fagence,14/08/13749,14,02/01/2018,144.107.145.8,33
34,Kendra,Wheble,24/05/3342,16,02/06/2005,83.123.108.158,34
35,Gilligan,Konerding,11/08/12847,2,06/06/2004,147.187.204.105,35
36,Franzen,Downse,06/01/14123,5,15/03/2009,14.1.198.110,36
37,Joseph,Follacaro,11/07/14350,20,30/11/2005,37.159.62.66,37
38,Nye,Worsham,08/11/2445,16,07/07/2020,228.193.44.10,38
39,Abbey,Larmor,09/02/5098,13,07/09/2015,244.123.254.191,39
40,Kit,Wasmuth,07/08/8333,11,13/10/2010,56.55.174.211,40
41,Dulsea,Morffew,27/11/16849,1,07/05/2017,209.52.22.35,41
42,Nicholle,Jilliss,06/03/5132,7,09/06/2003,203.56.19.239,42
43,Alisha,Linnock,24/08/18785,4,30/01/2017,61.177.43.30,43
44,Ina,Checcuzzi,15/02/18535,10,22/12/2020,7.93.152.119,44
45,Konrad,Reek,17/03/15465,2,20/06/2018,102.11.89.13,45
46,Ianthe,Lipscomb,20/03/6200,12,23/11/2018,214.100.56.69,46
47,Miriam,Giddens,07/06/16512,16,02/04/2011,219.5.96.72,47
48,Claire,Aurelius,29/12/3816,10,13/02/2006,28.150.63.21,48
49,Mabelle,Comport,25/08/14810,1,26/03/2006,198.49.1.85,49
50,Sybila,Gorwood,26/02/9432,13,26/07/2007,87.111.235.236,50
51,Rozalin,Bertlin,31/05/14574,8,06/12/2019,143.129.224.3,51
52,Lazarus,Roly,11/11/11011,7,09/01/2008,103.236.79.20,52
53,Gloria,Dreher,04/09/12875,7,03/09/2014,144.96.0.98,53
54,Rolph,Wolvey,15/07/12261,11,26/10/2010,147.59.165.205,54
55,Traci,Simmance,06/09/18242,3,30/06/2018,11.211.207.230,55
56,Debi,Tombleson,10/08/2870,7,25/03/2012,24.140.7.35,56
57,Gabby,Esche,14/03/8159,14,14/03/2009,140.188.65.155,57
58,Salmon,Dwire,10/05/11795,1,10/08/2010,221.153.230.28,58
59,Clarke,Praundl,12/03/4323,11,12/03/2015,65.171.35.135,59
60,Alister,Eliasen,11/03/2042,9,02/02/2009,245.215.139.50,60
61,Mary,Tunnick,29/08/7599,1,27/09/2017,84.61.93.82,61
62,Tandi,Pietz,17/08/17306,16,13/04/2004,142.99.68.44,62
63,Evelyn,Sabathe,14/07/17201,10,09/03/2002,80.40.81.135,63
64,Franny,Bayford,07/11/3978,9,19/10/2005,237.23.6.174,64
65,Mara,Ruprich,08/07/14885,4,26/07/2014,240.156.86.240,65
66,Gratia,Whitfield,08/10/3037,18,01/09/2020,114.7.59.96,66
67,Elnar,Pole,25/12/11444,8,22/11/2011,77.159.126.100,67
68,Dody,Bachelar,19/02/2685,13,22/02/2005,7.123.187.163,68
69,Kissie,Fitzsymon,16/08/11387,11,20/07/2002,222.242.7.123,69
70,Maureene,Bansal,08/03/7730,9,16/04/2004,167.83.12.235,70
71,Mil,Fillgate,12/01/4238,13,13/03/2014,235.217.37.83,71
72,Royal,Labbez,31/08/12898,13,09/02/2019,163.237.127.2,72
73,Ernesta,Wattingham,26/07/16722,19,08/04/2004,155.13.198.161,73
74,Lydia,Bow,03/09/14513,19,31/01/2006,167.212.131.221,74
75,Gertie,Vanderson,22/07/17841,7,23/11/2011,233.38.195.113,75
76,Nick,McCusker,24/02/3404,19,16/09/2018,253.142.90.232,76
77,Nichole,Room,24/03/15809,19,03/03/2015,95.8.53.183,77
78,Jania,Bridgett,08/10/3271,15,26/07/2001,142.155.95.97,78
79,Rozella,Harbard,19/09/3130,9,11/07/2001,194.37.24.54,79
80,Dael,Colby,21/08/4649,13,19/03/2006,246.56.173.29,80
81,Lorens,Eunson,14/09/7925,9,05/08/2004,203.10.32.6,81
82,Erasmus,Tidmas,16/11/19040,6,16/10/2015,225.225.38.143,82
83,Clovis,Deeming,08/05/18977,11,30/06/2010,25.179.63.167,83
84,Brockie,Polkinghorne,22/10/3528,6,18/04/2006,134.160.24.27,84
85,Marty,McGenn,30/05/3172,5,28/12/2015,122.203.157.74,85
86,Dian,Chaplin,28/11/14016,20,16/03/2015,20.98.23.2,86
87,Jaime,Hazzard,16/05/3116,1,14/07/2004,94.200.16.206,87
88,Randy,Summerrell,05/11/15111,6,21/08/2003,145.188.12.197,88
89,Jenica,Goatcher,16/07/16508,18,21/07/2020,244.12.120.71,89
90,Valentin,Parlatt,14/02/2941,1,13/02/2001,111.25.0.3,90
91,Corrianne,Hackworth,10/05/7897,3,06/01/2020,141.99.20.206,91
92,Hunfredo,Quickenden,13/10/19425,6,01/12/2011,255.240.157.170,92
93,Rae,Lovelock,01/11/5318,5,19/11/2014,15.156.48.174,93
94,Darin,Sporle,11/06/12369,2,15/07/2012,78.141.5.96,94
95,Adela,Edelheit,27/09/13473,6,19/01/2018,173.113.112.173,95
96,Jasmin,Jozefiak,30/09/9886,12,04/11/2011,16.246.54.246,96
97,Charyl,Baversor,04/05/19211,4,02/08/2004,178.59.221.132,97
98,Ellis,Herreros,17/01/13093,2,15/09/2003,195.6.166.251,98
99,Hubie,Bonehill,14/02/6028,10,20/06/2014,25.204.111.32,99
100,Jerrine,Fransewich,23/08/14336,20,26/08/2015,141.94.177.31,100
101,Kristo,Dovington,28/08/18332,6,06/11/2015,85.57.32.115,101
102,Marylinda,Korting,12/11/13836,13,23/07/2016,247.184.189.246,102
103,Cori,Goodie,17/07/19231,9,13/04/2010,115.167.88.143,103
104,Rosanne,Lempel,18/06/7315,17,15/03/2020,103.131.205.204,104
105,Electra,Flack,08/11/3300,13,12/09/2004,114.121.108.15,105
106,Bertrando,Parcall,02/03/14295,13,11/09/2013,214.24.226.255,106
107,Emily,Monro,03/05/17492,13,23/04/2005,60.13.138.110,107
108,Ilsa,Clingan,22/06/4463,3,24/09/2019,80.159.185.163,108
109,Odele,Edelman,11/01/8288,13,23/06/2003,53.56.13.4,109
110,Devina,McMeeking,07/07/5085,10,07/10/2020,13.73.88.202,110
111,Selestina,Mully,26/11/17500,17,03/12/2015,29.18.37.56,111
112,Rockie,Fortnon,12/05/16964,11,07/04/2001,208.56.250.167,112
113,Iolande,Assur,10/05/10340,7,07/04/2015,45.154.76.145,113
114,Frazier,Janjic,01/09/10312,7,22/05/2012,194.19.212.177,114
115,Chaunce,Kment,19/05/10592,7,28/12/2002,48.34.217.151,115
116,Isadore,Sharnock,05/07/4309,17,02/05/2008,161.200.65.0,116
117,Berkley,Doonican,19/05/19556,6,28/12/2002,100.171.157.41,117
118,Giovanni,Fleet,07/02/15716,7,09/07/2016,218.130.136.96,118
119,Laurette,Goding,06/09/7095,5,15/02/2020,184.3.167.134,119
120,Jon,Tinghill,03/03/10946,11,14/11/2017,194.141.192.26,120
121,Ezekiel,Glasheen,02/01/10064,18,08/06/2012,97.221.251.97,121
122,Emmey,Lenoir,09/11/11261,19,18/04/2009,210.151.122.143,122
123,Kennith,Speake,07/12/13833,20,15/09/2004,228.191.64.220,123
124,Jill,Laurie,07/10/14580,9,11/01/2017,220.238.86.118,124
125,Augusta,Lorait,23/10/9848,6,29/11/2007,62.9.140.238,125
126,Wilie,Barks,31/07/5465,17,04/09/2002,74.13.131.12,126
127,Reina,Mussard,20/12/4880,15,22/10/2007,249.234.81.150,127
128,Ezekiel,Desseine,19/12/11622,20,24/08/2001,165.2.13.126,128
129,Davidde,Nelane,05/07/11445,19,20/02/2019,36.74.21.194,129
130,Buiron,Brushfield,22/08/17499,16,24/10/2019,179.246.231.177,130
131,Natasha,Sterrie,13/12/11475,19,24/10/2006,120.100.254.175,131
132,Em,Veel,07/09/19506,1,15/05/2004,108.237.164.88,132
133,Mabelle,Eastam,12/10/2062,1,21/09/2017,108.69.115.203,133
134,Thorpe,Fedorchenko,05/01/11918,3,04/08/2008,3.242.163.192,134
135,Kelley,Mathonnet,13/11/16320,18,11/12/2015,138.177.241.125,135
136,Josefina,Pawfoot,05/02/16987,13,23/03/2001,31.78.131.115,136
137,Nathaniel,Paaso,22/04/11033,2,02/02/2017,52.184.220.57,137
138,Violette,Baudone,27/07/4997,5,28/02/2005,175.194.123.28,138
139,Nerti,Murton,14/08/13241,12,13/04/2013,93.8.52.226,139
140,Zabrina,Heindrich,03/12/13232,10,25/01/2020,171.0.103.184,140
141,Sigfrid,Abbotts,05/08/14190,18,30/11/2001,132.206.17.220,141
142,Andy,Milkeham,02/09/6258,12,02/02/2004,170.51.83.205,142
143,Alys,Goodwins,30/01/8439,13,12/04/2020,248.95.147.93,143
144,Llewellyn,Ashcroft,15/11/15518,9,17/02/2009,79.109.131.250,144
145,Patrice,Foch,18/09/6197,3,26/04/2020,7.73.125.180,145
146,Joellen,Struthers,04/03/11662,12,30/12/2018,207.111.197.109,146
147,Goldina,Ivanyukov,22/10/11605,5,21/02/2002,252.200.41.215,147
148,Jerrie,Chopping,21/09/14781,4,01/01/2019,59.85.102.169,148
149,Cassy,Wilshire,09/03/8063,12,17/01/2003,17.252.229.185,149
150,Doro,Heine,15/06/3777,19,22/01/2002,170.91.128.110,150
151,Harley,Saintpierre,14/10/12192,2,16/06/2010,44.249.221.79,151
152,Dorise,Cryer,14/02/4406,1,15/02/2010,195.106.91.153,152
153,Robinette,Seivwright,09/11/15352,4,31/05/2011,225.56.6.42,153
154,Leanor,Hutchcraft,12/02/6931,20,21/07/2001,193.50.200.224,154
155,Karleen,Parnall,15/02/2263,1,10/09/2014,254.109.219.18,155
156,Oren,Spreckley,27/10/9029,2,11/02/2011,180.184.22.32,156
157,Melonie,Lillow,26/03/3696,10,07/08/2014,20.112.251.118,157
158,Jojo,Mattschas,03/08/16522,10,16/01/2014,165.239.91.1,158
159,Florri,Stapleford,29/05/19654,10,02/02/2005,97.214.253.188,159
160,Vitoria,Chandlar,05/12/19542,13,10/04/2004,224.36.174.186,160
161,Oneida,Patient,19/02/11754,8,29/09/2014,124.187.174.8,161
162,Dorine,Dampier,22/03/18843,2,06/06/2006,246.17.35.69,162
163,Gerri,Huckin,16/01/3993,11,20/11/2004,169.226.144.148,163
164,Jacquelin,Geerits,01/03/3438,18,24/06/2014,33.67.150.135,164
165,Jeanna,Egglestone,12/07/10372,11,22/06/2010,7.169.51.255,165
166,Mindy,Brook,05/01/8797,12,26/06/2002,88.41.114.53,166
167,Stanislaus,Yardy,23/01/3039,4,01/12/2013,9.114.77.166,167
168,Tracey,Astie,13/06/7157,12,27/07/2010,32.90.221.69,168
169,Lucine,Tennick,28/11/13781,11,12/07/2020,182.33.176.88,169
170,Dieter,Gieves,02/05/11121,1,19/03/2010,155.139.146.22,170
171,Sawyer,Splevins,01/10/11672,6,03/03/2012,101.194.39.5,171
172,Constantin,Forst,20/10/16170,4,09/11/2012,103.100.19.165,172
173,Loren,Bees,15/11/13377,10,28/04/2019,15.24.75.2,173
174,Elna,Peregrine,28/12/17995,20,01/09/2002,73.89.172.150,174
175,Cindra,Maro,23/05/3582,2,02/02/2004,32.219.171.121,175
176,Conni,Crennan,28/07/6365,19,05/07/2003,77.123.139.0,176
177,Tomas,Tesmond,17/09/10728,7,08/03/2006,10.226.70.27,177
178,Reeva,Dictus,03/08/18431,14,14/05/2020,123.108.77.169,178
179,Odilia,Rappa,23/07/7159,4,24/03/2014,239.185.202.77,179
180,Eddy,Daniaud,13/07/10334,13,21/11/2010,74.216.29.14,180
181,Mercy,Kauscher,26/08/8879,1,13/11/2014,166.129.74.146,181
182,Flory,Vials,19/11/8682,8,13/10/2017,218.255.254.11,182
183,Skipper,Kleinhaut,27/07/19797,13,22/08/2018,158.117.23.206,183
184,Murray,Mallison,02/05/8333,14,15/08/2008,26.39.183.145,184
185,Modestine,Tappor,12/09/16239,15,03/10/2014,57.183.4.99,185
186,Marcelline,Klemencic,09/06/16501,5,25/10/2015,1.66.43.31,186
187,Becky,Callen,16/07/14277,19,03/01/2017,242.220.136.245,187
188,Markos,Golde,05/01/9402,11,22/09/2018,173.48.220.30,188
189,Humberto,Windas,08/10/17478,3,06/10/2013,131.138.150.54,189
190,Seumas,Cundict,04/12/7112,20,08/03/2018,134.27.95.103,190
191,Miner,Hindmoor,27/04/16556,3,11/01/2011,32.149.254.52,191
192,Cordelie,Lebang,08/04/8929,2,10/10/2018,124.216.15.241,192
193,Eduino,Puig,11/01/14311,13,19/10/2019,27.206.202.241,193
194,Berkley,Doldon,01/12/5079,10,04/08/2008,108.28.12.7,194
195,Marge,Greed,11/11/3411,5,04/03/2004,200.214.196.109,195
196,Janeva,Fewless,07/08/3690,6,02/11/2007,70.34.84.36,196
197,Warner,Cossell,30/09/19411,19,30/08/2006,151.52.130.23,197
198,Nariko,Bunch,26/04/5367,11,14/12/2019,7.83.55.109,198
199,Tybalt,Daal,04/01/4808,17,19/12/2016,198.60.220.66,199
200,Arlana,Buret,22/12/5553,5,29/07/2015,132.154.214.250,200
201,Linzy,Pointin,24/04/6983,12,05/04/2014,135.1.203.230,201
202,Odo,Gerraty,29/06/3524,4,16/01/2003,196.15.177.67,202
203,Sheeree,Lammerding,27/12/12845,4,17/06/2002,246.3.228.123,203
204,Wini,Josupeit,22/03/3385,1,22/05/2019,90.126.132.178,204
205,Daffie,Cregan,24/01/6631,19,11/05/2011,38.158.92.37,205
206,Cchaddie,Fergusson,19/06/4570,18,14/02/2001,5.240.247.128,206
207,Charmane,Gulberg,06/02/7213,19,31/12/2014,134.122.231.110,207
208,Chrissy,Gumn,09/09/6883,15,16/05/2006,10.215.192.231,208
209,Josi,Arkley,31/05/3914,3,23/03/2011,128.201.74.112,209
210,Jolyn,Endecott,22/08/15594,5,22/03/2007,236.11.92.195,210
211,Jorry,Casine,22/04/8408,14,25/08/2017,115.98.118.188,211
212,Hetti,Manske,04/09/13293,20,26/04/2012,181.137.68.233,212
213,Barbee,Pedracci,22/02/2937,1,29/01/2013,83.235.220.54,213
214,Ahmed,Cardo,16/02/16029,7,25/06/2003,54.49.157.174,214
215,Aubry,Crysell,05/01/16578,3,11/04/2010,172.103.194.143,215
216,Hermann,Motherwell,01/08/2172,4,30/09/2013,85.204.94.70,216
217,Rickey,Jaume,28/02/3757,8,28/08/2007,137.252.34.81,217
218,Cyndia,Clegg,28/10/18662,10,25/08/2002,212.0.181.199,218
219,Marylin,Foster,02/07/3344,8,03/09/2010,3.204.234.180,219
220,Cortney,Arnke,06/08/10675,8,17/08/2007,187.176.114.72,220
221,Graham,Klossmann,02/06/6610,18,11/03/2018,38.204.133.17,221
222,Fannie,Lamb,21/06/7390,9,16/07/2016,147.2.230.78,222
223,Kathe,Scyone,17/08/2309,10,29/02/2008,198.110.89.169,223
224,Gilbertina,Kowal,08/07/8557,13,07/02/2004,89.84.79.227,224
225,Esme,McKeachie,22/04/2659,1,22/01/2010,123.5.66.244,225
226,Yorgo,Monte,10/08/8516,3,05/09/2005,60.2.76.60,226
227,Zed,Westby,05/12/14157,6,01/03/2013,21.166.5.115,227
228,Ham,Grinin,15/07/3721,14,25/07/2005,12.80.244.238,228
229,Joete,Groll,18/04/5380,1,31/10/2009,176.13.64.77,229
230,Ardene,Danby,11/02/4430,19,26/03/2006,23.85.148.189,230
231,Vonnie,Brocking,03/05/13250,20,11/01/2002,158.213.128.248,231
232,Min,Pedroli,02/05/19534,19,16/02/2019,67.49.232.85,232
233,Kassia,Kenset,10/09/19002,15,05/06/2010,60.217.120.6,233
234,Mufinella,Clubbe,27/03/18406,20,31/01/2010,98.115.11.120,234
235,Tabitha,Sallows,26/10/19661,13,23/04/2017,37.34.245.40,235
236,Barron,Rhys,16/12/9117,10,02/08/2005,193.233.8.222,236
237,Kaye,Von Welldun,26/12/6842,17,25/10/2016,211.83.99.185,237
238,Ambros,Gladeche,21/05/8484,10,13/06/2001,0.201.219.16,238
239,Beauregard,Haddrell,15/01/2502,16,11/11/2012,17.148.203.180,239
240,Gaye,Catlow,16/04/13424,8,11/12/2018,3.169.196.22,240
241,Tanya,Cockshtt,24/04/17781,13,07/12/2015,45.197.53.35,241
242,Shara,Kornel,12/03/13207,4,26/07/2016,49.59.105.46,242
243,Abagael,Stonestreet,03/07/16732,13,17/07/2001,221.215.141.254,243
244,Gabriella,Roncelli,12/02/7540,14,03/07/2012,82.148.192.66,244
245,Audre,Hek,06/01/8500,5,12/06/2018,187.68.98.219,245
246,Kellsie,McNeil,24/04/19786,7,30/05/2016,138.165.197.99,246
247,Mariya,Matic,28/05/13433,3,26/08/2003,74.241.124.96,247
248,Ainslie,Szantho,20/01/2365,10,30/03/2015,255.136.120.52,248
249,Ronnie,Hustings,23/11/16703,11,24/02/2005,164.98.212.226,249
250,Fransisco,Paquet,05/11/14919,10,20/08/2007,92.4.46.195,250
251,Ira,Kneller,15/05/5187,2,24/02/2001,93.66.76.218,251
252,Spike,Reah,04/10/17401,10,20/08/2012,21.53.185.226,252
253,Sollie,Hitscher,06/07/8119,11,07/04/2010,15.147.163.40,253
254,Sascha,Keling,04/07/12470,2,07/06/2019,37.167.171.236,254
255,Gregorio,Truss,19/06/16206,8,12/07/2009,9.244.47.59,255
256,Jennine,St Angel,04/02/14611,2,27/01/2011,10.71.173.219,256
257,Dulcea,Withur,01/04/16408,2,15/01/2014,87.83.3.11,257
258,Rocky,Wreiford,14/08/6923,16,07/12/2001,207.174.167.67,258
259,Honor,Rockingham,01/03/3733,17,23/11/2005,95.153.41.15,259
260,Wolf,Kiezler,27/12/16462,5,25/08/2016,70.208.17.154,260
261,Devin,Tidbury,24/05/15930,5,02/05/2001,36.9.168.231,261
262,Milton,Rogerot,12/06/11354,8,22/12/2019,97.121.214.140,262
263,Roldan,Sheircliffe,25/04/12345,2,28/01/2008,209.2.255.129,263
264,Eric,Tattoo,15/12/4937,10,14/01/2020,46.45.83.108,264
265,Alix,Cobbin,15/10/11926,8,16/10/2017,219.186.90.110,265
266,Nalani,Tommasetti,22/10/7746,20,23/12/2013,235.185.170.133,266
267,Ruy,Hunstone,04/06/2927,18,18/02/2020,239.200.137.77,267
268,Patric,Mc Harg,25/10/4425,11,11/03/2016,69.253.237.38,268
269,Arluene,Laurenzi,20/10/3256,1,21/06/2002,9.187.144.107,269
270,Moina,Bussey,03/03/8158,19,16/03/2020,34.123.238.131,270
271,Ashly,Kayley,09/05/4202,16,19/01/2016,169.16.138.43,271
272,Rudyard,Morcomb,25/10/14420,18,26/08/2015,65.171.120.43,272
273,Amandi,Marthen,17/10/12812,15,16/11/2006,77.189.236.193,273
274,Padraic,Stanlick,11/06/6526,11,07/12/2007,237.185.203.66,274
275,Humfrid,Jennins,12/05/16841,1,15/08/2019,126.146.155.195,275
276,Berthe,Newbury,21/04/3855,1,06/01/2018,116.171.173.211,276
277,Joshuah,Bewly,23/12/15727,1,29/11/2008,52.19.223.119,277
278,Fayth,Schruur,18/05/18542,6,21/01/2014,191.148.96.222,278
279,Murielle,Capner,05/06/13131,3,18/09/2016,193.13.118.250,279
280,Lesya,Cerie,05/07/19289,7,13/05/2019,118.50.249.110,280
281,Barron,Rudram,15/07/7327,10,25/01/2013,158.81.235.0,281
282,Neil,Emm,11/05/6851,18,19/08/2005,226.95.157.37,282
283,Clari,Appleton,24/06/14004,9,03/02/2001,150.202.217.212,283
284,Marabel,Filon,29/08/14006,19,06/08/2019,170.254.187.235,284
285,Lambert,Gladtbach,29/10/15957,20,01/02/2004,68.131.151.241,285
286,Gretal,Renshaw,10/12/15266,19,08/04/2019,45.149.246.70,286
287,Davina,Sunners,19/03/17234,17,17/07/2017,234.43.140.137,287
288,Opalina,Bondley,07/02/4446,14,01/08/2020,130.218.191.212,288
289,Nichole,Fischer,09/02/18483,13,11/10/2012,215.36.177.36,289
290,Walsh,Errichi,12/09/17364,10,10/06/2008,28.150.223.117,290
291,Anjela,Delamaine,21/10/11974,14,24/09/2017,29.211.233.66,291
292,Balduin,Sunnex,24/02/12796,15,07/07/2011,128.220.76.164,292
293,Billy,Farlam,08/11/7120,15,29/05/2014,53.56.32.97,293
294,Derron,Wheowall,19/05/16436,5,22/11/2006,7.251.134.33,294
295,Norine,Karpfen,24/08/13657,18,07/03/2005,181.205.4.198,295
296,Rik,Reyne,04/10/10969,8,05/01/2018,173.132.90.145,296
297,Keslie,Jobbing,27/01/6026,5,20/08/2017,235.240.233.137,297
298,Guthrey,Prier,06/03/12219,8,18/08/2001,75.92.234.30,298
299,Randie,O'Hanlon,02/06/6159,7,03/08/2005,22.54.139.112,299
300,Sherry,Levey,30/07/8592,20,19/06/2011,77.58.19.37,300
301,Vonnie,Pollastro,25/03/2438,20,15/04/2003,143.200.138.225,301
302,Konstance,Malicki,23/02/18108,19,24/02/2011,216.247.22.201,302
303,Jacqueline,Widmoor,06/09/8453,16,27/06/2009,168.247.42.94,303
304,Katey,Murton,16/11/10014,9,30/01/2017,237.184.198.0,304
305,Zorah,Richardot,14/01/6066,18,18/01/2007,1.251.165.87,305
306,Hynda,Hull,19/10/4737,6,09/06/2017,253.229.33.135,306
307,Ken,Walmsley,02/07/17466,9,30/10/2004,33.127.111.146,307
308,Weber,Berkery,31/01/7268,5,04/07/2016,73.36.78.28,308
309,Ellswerth,Focke,04/03/3512,17,31/05/2004,189.70.3.31,309
310,Cory,Rickett,06/09/11059,14,30/12/2007,42.65.181.98,310
311,Jania,Beszant,31/01/3634,8,21/02/2015,135.7.207.149,311
312,Lib,Petrasch,06/12/3360,2,04/07/2008,210.214.95.73,312
313,Pru,Shilling,10/09/9814,7,05/11/2020,53.70.193.109,313
314,Grange,Death,12/12/12312,11,04/03/2003,3.218.41.126,314
315,Melony,Overil,05/04/15361,13,09/07/2017,55.107.122.32,315
316,Mariquilla,Duffin,14/07/13255,17,31/01/2018,189.238.54.254,316
317,Fanny,Rodinger,13/02/4061,13,09/03/2020,59.223.93.204,317
318,Dyna,Kehoe,03/07/5727,19,27/10/2006,236.51.208.85,318
319,Carmita,Aylen,28/02/17970,4,31/01/2012,232.7.71.241,319
320,Sapphira,Gallally,19/01/9733,3,18/09/2016,248.76.182.198,320
321,Madelina,Jarrette,15/09/12499,1,03/05/2019,91.101.222.230,321
322,Valaria,Padgham,19/07/19917,17,09/04/2009,181.5.95.240,322
323,Letitia,De Ruel,04/05/2062,9,05/11/2016,80.43.18.30,323
324,Talya,Abreheart,25/02/6929,15,30/10/2006,95.184.131.193,324
325,Rebeca,Wadham,02/08/11142,19,04/02/2005,10.69.84.126,325
326,Talya,Buttrey,06/01/15196,20,26/08/2006,246.161.115.182,326
327,Ranna,Josefer,16/05/14756,12,10/03/2005,60.149.205.144,327
328,Brittni,Leer,10/12/7398,6,17/03/2012,55.49.151.70,328
329,Devy,Waterfield,18/02/16608,6,29/02/2020,18.176.92.183,329
330,Irita,Chevins,20/10/9608,8,22/05/2016,29.10.102.242,330
331,Simone,Casolla,09/10/3399,9,25/11/2019,176.241.74.177,331
332,Marsiella,Deavin,27/09/19465,2,26/11/2010,140.3.225.74,332
333,Ninette,Colerick,05/05/19064,18,21/10/2005,161.198.162.66,333
334,Ethelind,Carvil,27/03/12332,15,22/04/2004,187.58.173.128,334
335,Filia,Flucker,15/03/17346,9,27/10/2011,175.236.56.216,335
336,Chevalier,Dinesen,21/04/4830,12,25/02/2014,37.195.161.22,336
337,Felecia,Toten,16/03/7421,16,03/06/2008,127.165.0.44,337
338,Johannah,Goult,31/08/4856,8,25/08/2014,77.239.50.25,338
339,Kimberlee,Simmank,26/07/8546,1,20/05/2013,42.180.121.1,339
340,Tom,Haking,19/10/18538,7,17/03/2010,73.9.127.205,340
341,Mellisent,Scarth,22/02/6245,20,27/11/2011,73.110.93.93,341
342,Bryana,Sayles,09/01/19910,10,07/06/2016,151.202.216.110,342
343,Ashely,Chapelhow,04/02/12451,6,17/04/2013,70.61.207.166,343
344,Lori,Blackstone,14/10/4117,2,17/03/2008,158.68.132.60,344
345,Marillin,Deverell,21/11/13296,18,30/03/2012,244.81.235.102,345
346,Maggy,Mazillius,10/08/14301,10,16/07/2019,156.83.164.18,346
347,Louis,Hallett,05/01/10081,20,31/08/2015,73.230.134.27,347
348,Purcell,Kadwallider,12/01/16141,3,10/10/2001,72.38.234.123,348
349,Lulu,McNeillie,23/09/12491,6,02/05/2003,190.168.243.46,349
350,Herschel,Mesnard,17/05/19491,17,20/01/2011,225.206.26.151,350
351,Madeleine,Leacy,09/02/11885,6,05/06/2011,191.155.156.164,351
352,Kai,Matresse,25/01/13580,20,24/09/2008,190.225.192.248,352
353,Gabi,McCreath,21/06/17700,16,29/12/2009,77.24.127.192,353
354,Vivie,Batrim,14/08/8082,1,30/01/2019,3.179.47.62,354
355,Merry,Reisenberg,02/04/15287,15,27/07/2009,74.103.160.91,355
356,Theobald,Cawdery,12/02/9779,3,09/04/2003,99.235.48.67,356
357,Virgie,Leger,06/01/6062,9,28/11/2019,141.50.34.46,357
358,Lem,Coughan,16/10/8107,14,22/10/2002,6.0.153.171,358
359,Anthe,Fruchon,04/12/4590,10,21/09/2013,61.191.224.205,359
360,Brande,Spennock,09/08/6427,13,29/10/2017,94.2.30.185,360
361,Jada,Scotchmoor,21/03/14123,6,21/03/2007,253.178.52.88,361
362,Marya,Porker,20/07/9090,17,19/06/2018,210.166.255.43,362
363,Freddie,Schutze,23/03/17706,2,29/03/2004,188.225.2.172,363
364,Danielle,Corrao,05/08/13533,18,14/05/2018,183.72.87.73,364
365,Skipp,Bothbie,07/10/11774,13,31/05/2013,238.250.77.109,365
366,Boony,Carolan,17/02/12728,8,31/01/2005,118.44.18.63,366
367,Letisha,Choake,07/10/4718,4,16/08/2008,142.210.43.72,367
368,Grover,McMahon,09/03/6792,10,16/09/2011,0.73.152.53,368
369,Basilius,Docker,13/06/13424,15,16/09/2009,217.16.10.73,369
370,Fair,Irving,08/11/19254,13,16/06/2012,230.220.59.114,370
371,Edeline,Ourtic,08/06/12607,19,04/10/2003,206.62.51.220,371
372,Eadie,Gilhool,29/11/7644,11,24/10/2015,181.21.116.162,372
373,Sherman,Gietz,26/06/16163,14,20/06/2007,226.123.85.89,373
374,Halimeda,Gabbitus,03/07/3975,18,21/02/2004,185.135.111.66,374
375,Selig,Ericssen,03/07/13206,6,28/02/2006,42.220.190.117,375
376,Hettie,Eddins,24/02/18985,15,10/03/2020,27.157.52.150,376
377,Horatio,Tomaszczyk,05/05/8004,16,29/12/2001,177.211.165.112,377
378,Barnebas,Liccardo,16/04/10086,11,06/06/2013,159.222.47.187,378
379,Gaven,Leet,21/11/3622,3,15/11/2012,204.177.108.92,379
380,Callida,MacMoyer,26/07/17633,16,30/12/2003,76.147.75.30,380
381,Tricia,Griffitts,07/03/4789,13,20/04/2005,149.65.116.162,381
382,Fan,Theobold,27/07/2832,18,12/09/2017,78.109.99.137,382
383,Griswold,Lowndesbrough,29/10/8463,1,25/01/2015,82.34.150.227,383
384,Mohandis,Crichmer,24/09/3305,18,27/01/2006,218.22.72.104,384
385,Sherry,Reglar,14/01/15171,16,24/05/2017,80.184.238.253,385
386,Pietrek,Sudell,29/11/11058,7,14/11/2005,241.189.15.206,386
387,Stanislaw,Wilshaw,16/08/11638,15,14/11/2018,218.177.195.136,387
388,Camellia,Titchen,26/11/12063,8,18/08/2010,175.155.59.248,388
389,Hephzibah,Eglington,21/03/14679,9,19/02/2020,155.68.242.7,389
390,Paulie,Meldrum,22/04/11687,12,13/06/2020,105.37.211.177,390
391,Wendye,Cartmael,25/08/14236,2,14/04/2006,152.250.104.144,391
392,Blondy,Cradduck,12/06/3944,16,09/09/2006,220.12.232.140,392
393,Jodie,Dobbing,30/12/9552,17,04/07/2011,177.163.224.52,393
394,Harwell,Brislan,10/06/7698,19,24/06/2007,67.153.47.43,394
395,Jacinthe,Thing,25/11/13477,5,13/04/2010,43.224.37.27,395
396,Pietro,De Paoli,22/09/11552,4,16/03/2020,55.101.218.173,396
397,Analise,Oxbie,27/01/3472,2,09/12/2016,174.10.186.18,397
398,Obie,Cornehl,21/06/4423,6,09/11/2019,27.37.42.17,398
399,Hubey,Weakley,20/01/6735,5,14/06/2006,99.106.66.234,399
400,Crawford,Swett,18/09/18346,5,27/10/2014,183.233.13.188,400
401,Teddy,Iron,12/04/19692,10,19/03/2004,101.190.170.14,401
402,Craig,Wannan,13/05/15697,7,11/06/2009,236.12.96.117,402
403,Gare,Chadwell,26/12/14773,8,05/08/2018,78.119.30.42,403
404,Kay,Egger,23/07/1995,1,19/07/2014,98.49.127.119,404
405,Danny,Extill,21/09/17438,4,24/11/2014,238.196.157.221,405
406,Alexandr,Deering,03/07/13561,17,26/08/2018,16.239.29.61,406
407,Jessalyn,Brahms,18/02/18490,9,13/01/2017,211.166.25.76,407
408,Livvie,Herculeson,14/11/11569,12,25/09/2014,116.196.34.203,408
409,Gypsy,Saket,23/11/13961,20,26/09/2010,154.56.55.208,409
410,Lelah,Freyn,12/02/9723,15,20/02/2010,207.126.166.235,410
411,Ewen,Dobey,06/12/13829,6,07/05/2001,165.112.251.203,411
412,Carol,Fortye,01/11/8912,10,09/06/2014,152.14.247.227,412
413,Wenona,Loiterton,27/07/4987,9,10/08/2008,74.254.160.173,413
414,Ulysses,Monkton,19/04/16460,20,22/06/2020,214.5.120.249,414
415,Corly,Puzey,04/07/11099,20,18/04/2010,16.172.194.235,415
416,Gae,Radolf,12/11/11714,19,09/09/2005,180.238.44.71,416
417,Magdalen,Hammer,11/03/5807,2,01/07/2004,122.105.73.182,417
418,Abram,Beeston,28/10/4553,14,18/11/2005,232.225.111.1,418
419,Inigo,Cartlidge,08/01/16700,14,18/01/2016,71.134.134.222,419
420,Leelah,Tombleson,26/10/5923,15,16/05/2010,204.102.149.83,420
421,Cindi,Mersey,05/11/9849,19,14/02/2015,39.115.65.102,421
422,Andonis,Hinkley,16/10/17117,10,01/11/2005,12.42.98.89,422
423,Christiane,Kidwell,04/10/16520,15,05/08/2017,183.225.145.131,423
424,Powell,Emery,29/07/10151,10,15/06/2001,140.212.1.252,424
425,Trudey,Cullity,11/01/12472,11,26/08/2003,174.152.0.150,425
426,Charita,Eyre,07/09/16752,5,27/03/2013,26.112.215.236,426
427,Shep,Duns,27/03/16228,15,26/06/2003,197.215.234.221,427
428,Jimmie,Chartman,13/03/17067,1,05/01/2010,222.113.18.31,428
429,Seka,Poon,03/01/12809,3,19/11/2006,87.143.122.116,429
430,Keene,Vasenin,25/11/15305,9,20/11/2010,149.251.85.142,430
431,Rasla,Neenan,12/09/3075,2,17/10/2013,16.13.201.93,431
432,Shanie,Dellar,12/04/16015,10,14/10/2003,159.74.198.95,432
433,Kelly,McDougald,11/08/17661,3,01/03/2011,141.69.15.3,433
434,Trevor,Buzin,23/04/15840,19,28/04/2002,90.83.154.122,434
435,Collie,Yaakov,01/10/9535,11,03/08/2010,38.180.171.108,435
436,Phillipp,Jeskins,21/10/11015,9,26/01/2016,73.82.185.102,436
437,Rolph,Beincken,23/06/4918,10,10/04/2003,252.248.85.130,437
438,Ethelred,Coale,05/12/13453,3,10/11/2019,79.31.174.110,438
439,Wendy,Conville,07/09/6530,17,05/10/2013,103.171.162.170,439
440,Shelli,Bourne,29/10/12315,3,02/12/2015,88.198.216.72,440
441,Sarajane,Paffett,03/04/9342,20,24/06/2014,254.153.108.243,441
442,Harvey,Riddich,14/08/7763,19,13/10/2013,35.11.123.14,442
443,Jo-ann,Billinge,26/09/15600,13,15/11/2009,230.58.222.169,443
444,Jaquenette,Cline,09/06/9449,15,21/03/2001,221.17.51.99,444
445,Katharine,Parcall,29/12/18848,10,24/01/2009,3.236.204.101,445
446,Ephrayim,Caddell,13/09/18258,16,28/09/2002,40.242.121.66,446
447,Cordelia,Treadwell,10/01/18320,17,15/12/2009,215.112.60.83,447
448,Ivory,Olenchikov,19/04/18332,18,28/06/2001,114.171.211.236,448
449,Colan,Wantling,30/07/2101,19,08/05/2020,76.166.91.81,449
450,Minnaminnie,Lawlie,26/09/2741,15,06/04/2014,14.209.71.144,450
451,Rooney,Fairhead,02/03/15801,14,21/02/2002,209.155.109.33,451
452,Indira,Huygens,05/01/11799,14,27/08/2020,150.179.178.26,452
453,Judas,Cantor,29/11/14980,17,07/07/2019,55.24.49.2,453
454,Ulrich,Prestney,03/06/17070,6,03/02/2017,67.45.10.17,454
455,Franciskus,Mewes,10/05/9227,10,08/09/2015,29.25.56.160,455
456,Roseanne,Tomlins,26/04/2985,5,30/10/2020,1.128.35.88,456
457,Cara,Officer,11/12/7900,11,18/05/2016,208.127.4.242,457
458,Ellen,Denis,11/12/14331,9,10/12/2015,211.189.97.64,458
459,Cicely,Alennikov,03/04/9287,13,29/07/2006,107.175.208.101,459
460,Andeee,Cross,05/12/14190,10,01/11/2011,42.65.65.191,460
461,Flory,Halliberton,30/04/10537,15,03/06/2020,125.150.48.28,461
462,Jaquelin,Angrock,27/01/5490,8,21/01/2014,96.250.16.253,462
463,Lulita,Benedek,07/10/12317,6,21/12/2002,204.199.23.194,463
464,Tami,Mattinson,17/06/3337,6,15/05/2015,76.207.19.199,464
465,Giusto,Church,29/04/10117,9,20/04/2006,203.19.45.144,465
466,Alfy,Simeone,21/11/7577,4,14/12/2018,75.120.128.27,466
467,Larry,Gorini,05/11/7664,9,23/10/2020,183.97.145.222,467
468,Milt,Mongeot,28/04/10797,9,17/10/2014,165.103.193.65,468
469,Kristian,Rich,25/10/5871,20,12/11/2002,116.239.145.108,469
470,Gilly,Watsham,13/12/3930,6,22/05/2015,15.140.81.155,470
471,Jackson,Guppy,06/02/3707,9,06/08/2012,247.178.82.223,471
472,Audrye,Fevers,30/05/3830,15,09/08/2005,113.2.11.16,472
473,Cybill,Pilch,11/02/16598,15,18/11/2020,158.100.22.26,473
474,Zorah,MacKim,11/11/2048,14,17/10/2018,49.169.212.92,474
475,Jeanie,Yeiles,05/11/7291,8,10/02/2004,132.215.103.231,475
476,Aidan,Boggas,10/11/2258,6,12/01/2020,198.122.38.55,476
477,Eddie,Satteford,03/12/10090,17,27/04/2005,185.91.184.205,477
478,Asia,Jacketts,13/05/13799,20,29/03/2001,206.192.63.93,478
479,Jule,Penhearow,04/09/7963,4,26/03/2006,230.137.104.17,479
480,Gay,Spurdle,03/09/13771,1,10/10/2017,156.45.80.157,480
481,Cammy,Blomefield,25/04/9721,12,26/12/2005,80.19.198.64,481
482,Rania,Retchford,05/10/19420,3,03/10/2008,19.178.127.120,482
483,Joey,Agglio,07/02/7855,11,11/06/2010,24.26.56.111,483
484,Gloria,Fozzard,04/09/12981,17,05/04/2005,17.21.2.222,484
485,Heywood,Czyz,26/01/9489,5,22/07/2001,92.90.170.103,485
486,Damien,Tweedle,10/08/7866,15,06/12/2014,11.158.220.1,486
487,Everard,Simm,30/05/4802,11,25/09/2019,224.90.200.188,487
488,Aksel,Terron,10/09/10406,15,07/10/2003,26.58.199.163,488
489,Carol-jean,Feldmesser,11/12/17545,13,21/04/2001,249.226.70.112,489
490,Katalin,Baake,30/09/16517,6,23/02/2011,7.80.116.232,490
491,Lek,Basketter,06/08/15347,2,03/11/2016,147.211.26.166,491
492,Brigid,Brundell,22/04/3688,8,21/01/2011,31.135.245.18,492
493,Clara,Bows,25/01/19539,9,17/02/2011,113.11.44.146,493
494,Conway,McKinie,15/05/3829,17,10/06/2006,124.88.247.213,494
495,Livy,Stearns,25/12/19810,19,16/10/2005,41.204.86.11,495
496,Vail,Hanbury-Brown,02/07/4224,2,24/05/2016,122.42.92.85,496
497,Diandra,Wookey,18/01/11069,13,07/09/2019,128.40.165.52,497
498,Jerrylee,Cruess,19/11/5182,14,14/07/2003,92.109.84.94,498
499,Bellina,Battram,18/12/12807,15,16/11/2003,66.152.235.15,499
500,Baron,Raiston,13/01/15857,1,12/06/2018,76.172.207.229,500
501,Kaspar,Scandred,07/09/8675,7,07/09/2008,247.145.119.30,501
502,Madel,Tiddeman,22/11/2449,7,14/07/2020,43.217.48.88,502
503,Grover,Barratt,09/10/16932,14,08/08/2002,103.151.55.61,503
504,Chaddy,Lyven,10/07/17038,18,03/06/2006,191.249.91.243,504
505,Martina,Ivashechkin,21/03/11006,15,23/02/2010,190.195.14.203,505
506,Donelle,Huddles,26/12/5572,3,14/09/2001,80.9.245.117,506
507,Son,Anthoney,15/07/15412,13,22/11/2003,197.219.118.162,507
508,Carie,Brandom,07/09/14074,14,01/04/2016,37.10.242.156,508
509,Anderea,Joul,15/06/11594,13,12/06/2008,184.190.239.141,509
510,Leanna,Straun,20/10/17468,14,08/04/2002,234.245.29.127,510
511,Devin,Kewley,30/06/10187,18,24/07/2012,5.88.180.170,511
512,Isabelita,Schimann,05/07/3872,9,20/03/2009,63.110.122.237,512
513,Paulina,Figures,05/12/3263,2,23/09/2007,87.136.85.247,513
514,Crysta,Kilcullen,17/05/13876,11,31/05/2001,213.208.193.43,514
515,Cassandre,Brannan,27/09/2726,11,14/04/2017,22.80.216.83,515
516,Marv,McGavin,25/04/11784,2,03/04/2015,135.155.93.187,516
517,Remington,Durdy,26/05/6379,19,28/09/2002,125.164.42.52,517
518,Bekki,Kulic,02/08/2836,19,06/02/2010,205.13.24.36,518
519,Blithe,O'Lyhane,17/03/11912,5,12/01/2016,57.184.37.198,519
520,Carlotta,Featherstonehaugh,17/12/10966,12,17/05/2012,152.195.115.11,520
521,Isiahi,Evett,06/12/5653,6,31/01/2012,116.46.203.175,521
522,Kaja,Jaslem,05/05/3773,20,10/11/2019,224.86.168.4,522
523,Dennet,Marke,03/05/2031,17,18/08/2007,28.99.82.170,523
524,Vernor,Chisnall,07/06/11757,18,26/01/2016,168.50.121.165,524
525,Mariellen,Davidou,20/11/12253,10,03/03/2018,217.173.15.153,525
526,Cherrita,Flaws,03/01/6468,12,07/08/2018,31.158.147.118,526
527,Sanders,Courteney,22/12/13758,15,04/10/2013,146.87.226.245,527
528,Janenna,Wickwarth,25/01/16437,6,13/02/2020,224.240.239.68,528
529,Merrili,Drinkhall,23/06/6323,17,01/08/2008,5.0.153.23,529
530,Jeannette,Jeans,13/06/18878,16,20/03/2009,240.42.45.248,530
531,Roma,Bealing,01/08/10294,11,01/09/2015,158.95.74.178,531
532,Nellie,Pafford,24/09/13009,1,07/12/2018,227.74.227.86,532
533,Calypso,Scocroft,14/04/2559,3,26/01/2015,248.38.233.123,533
534,Marcelline,Kimbrey,31/10/12450,17,21/09/2019,40.224.73.223,534
535,Lovell,Vasyukhnov,10/05/8187,14,06/10/2008,227.185.84.137,535
536,Eal,Ramshaw,25/09/11251,16,04/12/2006,70.218.118.19,536
537,Keeley,Foulcher,03/11/18053,11,06/03/2011,2.70.115.59,537
538,Stormi,Lambrick,12/05/14718,12,25/01/2008,98.47.165.115,538
539,Edvard,Bollen,11/02/15770,5,15/03/2004,160.181.58.162,539
540,Douglas,Georges,26/09/2907,2,09/04/2004,217.68.120.242,540
541,Kellyann,Balloch,06/01/12581,15,08/11/2004,119.52.46.112,541
542,Osborn,Whopples,02/07/9935,8,15/01/2009,207.32.66.209,542
543,Josiah,Denerley,10/10/7675,3,28/03/2014,228.42.189.98,543
544,Erhard,Alsina,16/05/6328,14,29/12/2007,206.238.193.233,544
545,Korney,Breem,14/09/16808,13,11/08/2011,252.228.195.133,545
546,Zolly,Andreazzi,06/08/14533,14,03/04/2015,164.208.28.18,546
547,Gleda,Ferre,30/06/13670,6,28/12/2001,238.155.192.97,547
548,Johnathan,Felton,03/09/6065,11,20/10/2010,66.61.139.122,548
549,Aurie,Kennaway,26/10/2487,12,03/05/2005,181.193.216.33,549
550,Jacquette,Veldstra,21/03/3572,16,30/07/2001,197.84.242.16,550
551,Davina,Schistl,30/07/11269,6,04/03/2016,197.205.104.185,551
552,Donnie,Summerrell,11/10/10665,17,04/07/2012,194.24.147.74,552
553,Kali,Huison,07/11/4225,3,22/11/2018,78.134.132.226,553
554,Margarete,Kellough,02/06/13759,16,09/02/2008,23.180.57.133,554
555,Duky,Brackstone,15/04/6733,3,29/09/2012,154.123.125.71,555
556,Marna,Ollerton,17/01/19523,11,25/06/2011,16.12.215.25,556
557,Maybelle,Waddilow,22/06/3407,8,10/03/2010,128.130.241.161,557
558,Lin,Raitie,29/09/17338,13,19/10/2002,184.20.17.35,558
559,Hamish,Malacrida,21/05/18465,20,20/02/2002,145.36.135.175,559
560,Raynard,Moutray Read,25/06/13528,19,17/04/2002,138.12.250.223,560
561,Elsbeth,de Clerk,12/09/7232,20,09/08/2020,221.24.4.161,561
562,Tera,MacUchadair,23/04/10211,9,08/02/2020,144.93.72.34,562
563,Lorry,Frier,03/09/6599,14,09/07/2009,19.230.67.156,563
564,Justino,Nulty,19/02/10889,8,04/11/2012,222.10.182.131,564
565,Thom,Vynarde,09/10/2173,8,20/06/2009,205.243.126.245,565
566,Willette,Wentworth,24/05/8267,15,13/12/2018,244.65.195.107,566
567,Hogan,Bedward,17/01/12778,15,05/09/2006,166.30.93.40,567
568,Cissiee,Donizeau,03/08/18909,20,18/02/2005,21.134.41.149,568
569,Coop,Ivashev,05/06/18404,18,11/10/2017,38.72.3.232,569
570,Moreen,Christiensen,13/08/15770,6,02/11/2018,115.164.40.228,570
571,Rhetta,Spurdon,13/03/8004,11,14/07/2005,177.24.87.144,571
572,Cherey,Dennerly,16/02/3086,6,07/01/2003,15.145.15.110,572
573,Dreddy,Yarker,26/08/11526,6,17/08/2019,35.134.25.30,573
574,Eolanda,Fraanchyonok,21/05/12360,4,03/10/2015,144.68.102.236,574
575,Martynne,Dussy,01/04/10810,3,11/07/2010,36.143.114.246,575
576,Gennifer,Sivyour,12/12/10187,8,28/07/2016,240.248.119.204,576
577,Faber,Drever,10/03/13015,11,26/09/2019,163.220.16.42,577
578,Arny,Delete,05/03/12991,10,02/02/2016,148.58.81.175,578
579,Ashlie,Berryman,16/03/2248,5,11/03/2019,111.98.92.173,579
580,Helli,Bellsham,15/11/11858,5,03/02/2009,86.15.109.49,580
581,Ad,Macken,30/03/15582,18,21/08/2011,79.97.79.168,581
582,Esmeralda,Scammell,25/06/9287,16,04/01/2004,13.194.198.33,582
583,Neile,Baggot,23/03/10956,2,10/08/2016,113.0.85.68,583
584,Sybil,Pollok,06/05/8951,13,22/08/2015,22.73.225.225,584
585,Tersina,Lowing,27/07/4765,9,05/01/2004,147.151.80.239,585
586,Yelena,Aggs,07/02/15558,2,21/11/2002,51.149.93.45,586
587,Becky,Clethro,25/01/6840,4,18/03/2019,85.88.82.14,587
588,Dana,Le Franc,05/07/12858,6,23/01/2001,210.208.29.224,588
589,Donaugh,Dunphie,26/06/10491,16,12/11/2011,82.101.99.48,589
590,Craggie,Chastey,14/09/14010,5,25/09/2014,45.98.239.85,590
591,Emalia,Burford,17/01/15645,19,18/09/2012,247.205.225.192,591
592,Alanna,Bramhall,18/05/6602,4,12/04/2017,87.142.206.180,592
593,Leo,Erswell,07/07/9248,12,08/03/2010,225.244.130.3,593
594,Elias,Lapwood,05/08/9720,11,22/08/2011,44.124.90.69,594
595,Jyoti,Kayzer,20/10/19094,14,04/12/2014,178.223.106.237,595
596,Francine,Heselwood,29/11/9140,5,01/02/2015,121.137.45.236,596
597,Nilson,Crosthwaite,03/09/13223,7,05/05/2013,238.67.131.91,597
598,Kirby,Labon,24/10/18794,9,25/03/2007,214.132.27.241,598
599,Marijo,Phelp,24/09/15662,8,27/05/2002,26.74.117.238,599
600,Simon,Schenkel,03/11/6180,6,19/10/2002,23.162.181.102,600
601,Cody,Sturgeon,30/10/5123,16,01/05/2011,110.221.8.92,601
602,Brigham,Lorand,13/12/3154,7,11/08/2005,64.139.248.51,602
603,Hyacinth,Harome,21/03/11906,1,11/10/2005,6.66.68.210,603
604,Roland,Tingey,23/07/18729,20,04/06/2007,138.211.60.187,604
605,Heall,McDonand,15/04/19251,13,02/08/2020,61.49.54.244,605
606,Erda,Bertot,13/12/18091,13,19/11/2007,74.29.210.142,606
607,Marleen,Matityahu,01/12/6314,10,13/01/2004,247.154.144.15,607
608,Kyle,Cater,30/01/14102,7,19/02/2009,201.185.129.249,608
609,Teirtza,Wherry,06/11/13008,15,16/05/2005,100.13.245.109,609
610,Tammy,Digginson,31/05/13883,10,28/06/2018,88.64.177.239,610
611,Robert,Blasi,31/12/9617,13,18/01/2020,162.134.142.143,611
612,Enrico,MacNaughton,15/09/7768,3,15/02/2011,154.164.230.225,612
613,Rex,Tadlow,05/03/5963,12,05/05/2015,129.2.230.129,613
614,Conan,Sainsbury-Brown,27/10/10053,20,18/04/2020,87.4.115.75,614
615,Merell,Aldersey,14/05/4489,4,20/01/2002,45.171.92.198,615
616,Filberto,Schaben,08/07/7825,15,29/07/2016,197.27.122.121,616
617,Shepard,Allabush,08/12/16572,11,04/07/2004,20.71.185.222,617
618,Sterne,Cushworth,10/10/8397,1,06/02/2019,222.182.161.90,618
619,Vidovik,Martschik,12/02/2397,9,09/10/2004,230.237.196.117,619
620,Philippe,Pencost,11/06/6692,16,30/03/2014,11.178.0.43,620
621,Rosalinde,Braxton,10/08/19410,2,16/01/2011,74.253.166.183,621
622,Tiffany,Mc Carroll,13/09/5697,8,15/09/2007,132.200.153.240,622
623,Richmond,Swaden,08/06/6928,2,04/12/2006,104.84.182.180,623
624,Timofei,Mallinder,10/07/9132,2,10/08/2009,93.22.161.201,624
625,Evonne,Pasek,08/03/4468,3,17/03/2011,167.218.14.56,625
626,Itch,Pilgrim,27/08/3921,6,20/12/2003,201.62.80.220,626
627,Rafe,Yuryev,09/01/2315,9,23/06/2009,24.235.98.165,627
628,Maxie,Magne,08/04/11371,9,02/03/2006,78.213.151.99,628
629,Artemas,Brager,17/07/15512,4,23/02/2014,215.238.109.182,629
630,Tiebout,Browne,05/02/14370,6,07/08/2003,118.67.65.71,630
631,Lind,Castelletti,24/07/5244,7,21/06/2010,226.132.169.66,631
632,Noell,Dimitrie,07/06/5100,13,20/01/2006,36.66.32.144,632
633,Ardath,Worlock,02/01/5667,16,03/09/2014,149.220.148.66,633
634,Flin,Berthod,02/08/15488,12,18/11/2007,104.118.203.170,634
635,Harlan,Zoane,14/03/19086,7,08/01/2015,86.101.194.78,635
636,Marcus,McCurrie,11/12/17045,10,28/07/2014,22.213.175.142,636
637,Sherline,Boxhill,03/03/16153,1,25/11/2006,212.18.253.58,637
638,Angelo,Cristofori,09/06/4224,3,08/03/2012,75.106.126.23,638
639,Muffin,Sisnett,20/08/8265,10,06/05/2020,197.139.215.247,639
640,Vivian,Pervew,09/11/6357,9,14/07/2013,37.155.222.112,640
641,Stearn,Bryant,18/01/19431,7,16/05/2019,185.138.244.172,641
642,Edeline,Baake,03/08/11051,11,30/10/2004,22.230.4.173,642
643,Agace,Jacobovitz,26/02/4531,17,22/08/2009,140.137.0.118,643
644,Zebulon,Herche,10/11/16165,3,25/11/2012,208.177.220.88,644
645,Kayle,Hawksby,04/08/14945,14,30/07/2014,101.44.1.91,645
646,Agathe,Acory,04/05/17613,1,18/07/2015,107.195.129.148,646
647,Pepe,Siflet,16/06/19225,1,16/09/2006,160.171.0.229,647
648,Lonny,Wildor,29/12/13289,1,23/02/2005,196.104.17.107,648
649,Charlotta,Garrigan,31/10/8958,11,23/11/2010,115.185.176.0,649
650,Orelie,Angear,18/09/7443,1,22/03/2020,30.28.28.69,650
651,Bill,Edinborough,27/07/6750,12,04/10/2006,234.9.86.190,651
652,Rickard,Stannion,18/07/15992,14,12/04/2004,80.135.53.94,652
653,Maisie,Ruppel,22/11/14123,18,05/07/2013,50.109.133.44,653
654,Latrina,Baress,10/01/11938,11,16/12/2005,106.75.242.165,654
655,Jinny,Kuzemka,10/11/14200,3,21/09/2017,68.217.13.132,655
656,Daniela,Jozwiak,12/04/6751,11,08/06/2002,228.87.239.130,656
657,Kaleena,Ferrers,06/09/7299,18,22/09/2002,245.242.242.105,657
658,Pancho,Andreou,17/08/6118,3,10/07/2019,45.142.125.147,658
659,Obadias,Niblo,03/12/3474,10,12/01/2012,154.102.163.127,659
660,Petra,Dannatt,20/11/3550,13,23/02/2015,76.70.174.89,660
661,Emerson,Blewmen,12/12/8636,16,05/09/2012,158.136.62.73,661
662,Gloria,Exall,04/10/17669,1,08/12/2006,34.24.15.154,662
663,Sylvan,Cannam,01/07/16481,13,23/10/2011,211.180.149.134,663
664,L;urette,Hunnable,24/02/9203,18,11/06/2010,198.211.33.104,664
665,Angel,Spiring,23/06/6327,12,04/01/2013,206.70.88.55,665
666,Dael,Golden,17/12/19121,15,15/12/2012,144.120.254.34,666
667,Pieter,Renyard,29/06/10827,18,10/01/2017,247.103.224.246,667
668,Nananne,Tewes,29/03/13598,14,15/01/2002,28.248.162.148,668
669,Jonie,Saunderson,30/11/13996,9,29/04/2018,235.70.154.114,669
670,Gretna,Challenor,03/08/17796,2,08/02/2003,112.137.223.139,670
671,Marcela,Foulstone,11/12/18099,19,03/04/2008,112.206.158.129,671
672,Garik,Cuncarr,01/11/12698,16,29/09/2007,28.169.161.7,672
673,Hattie,Sercombe,02/01/16825,6,23/02/2007,6.32.166.233,673
674,Vlad,Reddick,14/02/3263,13,30/04/2011,8.253.102.101,674
675,Humfrey,Tinn,17/07/10893,1,22/04/2016,153.121.184.46,675
676,Ryun,Slewcock,01/04/19157,4,02/08/2018,242.111.25.218,676
677,Julian,Fright,22/12/18099,11,17/12/2020,55.15.248.11,677
678,Ermengarde,Pelham,11/09/19251,14,18/04/2015,208.146.65.223,678
679,Robb,Dobbins,02/08/17165,12,03/01/2012,231.18.69.141,679
680,Danie,Stainson,07/10/7882,1,09/07/2019,12.18.133.138,680
681,Kassi,Szanto,11/06/4675,7,01/02/2020,221.175.102.8,681
682,Olin,Deeny,16/08/2564,8,28/09/2003,79.87.30.34,682
683,Rosmunda,Pollicatt,29/01/8024,12,18/07/2014,153.87.247.211,683
684,Meghan,Brunnen,13/08/7630,12,07/01/2001,139.136.223.20,684
685,Renell,Georgi,23/07/10009,19,03/10/2007,28.161.173.195,685
686,Lucinda,Slot,25/11/10322,2,18/08/2015,151.28.249.167,686
687,Moira,Nunns,10/07/12616,18,07/12/2009,26.215.20.209,687
688,Susanna,Ebdon,29/05/12549,1,01/03/2015,101.171.55.128,688
689,Vivienne,Hembry,13/07/18515,4,19/04/2011,13.112.207.164,689
690,Bart,Dalston,28/07/19764,14,21/05/2002,226.63.216.133,690
691,Wye,Mehew,07/04/2675,8,26/07/2016,31.228.70.233,691
692,Prissie,Trebbett,16/12/16944,14,19/09/2014,139.177.133.170,692
693,Reggie,Methingam,15/04/16135,2,12/07/2008,11.69.99.25,693
694,Raff,Oels,28/11/8298,15,14/06/2016,89.222.60.94,694
695,Leeland,Hartman,19/05/17768,16,05/12/2015,209.147.191.142,695
696,Nikolaus,Delatour,17/02/15747,7,18/07/2016,63.202.185.48,696
697,Godwin,Gabites,12/06/14639,12,24/02/2001,45.65.60.211,697
698,Kiri,Pues,21/08/12435,7,11/05/2007,17.84.55.97,698
699,Antoine,Colgan,11/08/19166,2,29/04/2005,50.147.235.254,699
700,Katha,Bartlosz,21/10/18834,15,13/06/2013,85.198.157.164,700
701,Collette,Tivolier,19/03/4152,8,08/03/2009,128.227.167.26,701
702,Aura,Osgodby,15/10/6386,1,30/07/2008,52.115.99.82,702
703,Gloria,Millen,29/06/11414,17,01/01/2017,116.51.20.46,703
704,Ernest,Bellwood,06/02/5800,16,19/09/2013,241.145.231.35,704
705,Saree,Mattiato,04/09/2311,18,13/04/2007,76.29.181.97,705
706,Carey,Filewood,22/06/2697,2,06/06/2007,167.69.109.105,706
707,Odelinda,Binge,11/05/8565,13,20/11/2020,48.59.148.148,707
708,Bruce,Perfitt,27/01/16268,19,25/01/2005,211.47.116.154,708
709,Mirelle,Merrgen,17/01/14581,3,01/07/2006,91.133.223.152,709
710,Courtnay,Mattevi,04/05/14524,16,24/07/2011,95.247.143.253,710
711,Candis,Shrimptone,19/09/12706,4,21/09/2020,249.250.161.153,711
712,Bellanca,Clouter,04/07/19648,15,24/08/2006,112.63.120.113,712
713,Melessa,Grason,16/02/15767,13,03/06/2003,158.157.137.193,713
714,Sherline,Shier,09/01/5668,17,29/01/2004,191.24.157.237,714
715,Ruggiero,Vampouille,01/04/2335,10,08/03/2007,179.176.64.209,715
716,Allyson,Brittan,18/07/9499,3,22/02/2011,185.49.40.231,716
717,Ricard,Coy,01/08/7257,15,25/11/2016,26.86.215.182,717
718,Sasha,Rhoades,23/06/12163,14,08/04/2004,138.56.232.38,718
719,Berny,Lilley,28/10/10635,3,11/04/2002,49.126.230.181,719
720,Carline,Gaskell,29/06/16606,10,27/04/2014,2.133.34.34,720
721,Lebbie,Herries,18/10/19808,12,23/11/2017,131.209.62.57,721
722,Sharla,Karpmann,27/03/10961,2,24/04/2014,184.236.79.95,722
723,Laure,Magnus,25/07/19736,19,06/12/2016,165.124.180.244,723
724,Frankie,Tulley,27/06/4225,18,10/06/2009,117.238.200.137,724
725,Algernon,O'Hara,29/07/18507,9,20/10/2006,252.72.222.84,725
726,Maureen,Hudd,24/02/13408,14,12/12/2014,130.252.252.231,726
727,Gill,Neil,27/03/10037,5,10/06/2009,44.157.141.250,727
728,Brandie,Greenroad,01/12/13973,13,30/11/2006,137.241.139.134,728
729,Bride,Piggrem,20/08/10237,19,25/02/2005,4.53.252.65,729
730,Emmaline,Autrie,28/10/17343,1,13/04/2020,230.80.20.47,730
731,Kaela,Rubinivitz,22/06/12839,15,27/11/2018,127.1.197.217,731
732,Freddy,Destouche,08/02/17168,18,23/04/2016,192.81.59.177,732
733,Jud,Tynewell,29/07/19717,5,15/01/2004,233.3.71.138,733
734,Cindra,Whipple,14/10/3765,11,10/04/2013,140.224.188.156,734
735,Bartlet,Teal,27/02/4449,3,26/09/2001,29.142.255.173,735
736,Cirilo,Couvet,09/11/10813,5,15/08/2012,103.76.149.222,736
737,Pippo,Rosencrantz,02/06/17257,3,15/04/2011,51.16.231.116,737
738,Gram,Murkin,06/04/15274,15,20/09/2015,106.101.57.204,738
739,Mart,Mabbitt,28/03/9043,17,20/11/2003,179.61.16.118,739
740,Brina,D'Hooge,21/05/17829,4,09/08/2005,129.186.171.163,740
741,Corny,Blakely,20/11/4155,14,12/08/2002,28.209.144.152,741
742,Faulkner,Divver,04/01/5164,14,16/03/2008,187.64.176.111,742
743,Clarice,Woolpert,15/04/12117,3,21/08/2011,158.73.219.109,743
744,Raymond,Vonderdell,13/11/9005,16,01/11/2006,172.235.175.91,744
745,Thornton,Lossman,20/10/8147,5,13/08/2015,193.12.84.156,745
746,Tanny,Cream,17/02/15757,18,31/03/2010,217.143.20.222,746
747,Nedda,Skotcher,25/12/12490,17,18/08/2003,230.89.232.194,747
748,Andre,Bente,25/01/6953,2,28/12/2002,45.195.122.149,748
749,Cherri,Woollcott,24/10/16616,4,29/10/2005,90.243.97.168,749
750,Clem,Elverston,14/02/11595,12,19/01/2008,66.31.29.221,750
751,Hermina,Domsalla,08/06/17852,4,27/06/2005,98.192.201.217,751
752,Brittan,Cartwight,03/09/13590,9,27/09/2006,202.253.167.119,752
753,Vladamir,Ferie,26/06/17464,19,03/07/2012,67.15.65.245,753
754,Sonnnie,McTaggart,12/06/13070,9,30/11/2016,213.104.135.111,754
755,Isabelita,Yewdale,20/11/15487,4,30/01/2007,34.18.145.63,755
756,Desmond,Pickring,10/03/7769,1,05/10/2011,24.68.80.90,756
757,Antonia,Epdell,31/07/19142,3,30/01/2001,246.86.35.141,757
758,Joshua,Jacquemet,01/05/8478,18,03/01/2015,220.41.203.171,758
759,Chlo,Torr,20/08/19559,17,11/04/2008,125.242.118.8,759
760,Jolee,Hobden,01/09/19032,6,25/03/2020,1.251.196.77,760
761,Ginelle,Walworth,03/03/5200,15,03/06/2003,243.123.4.233,761
762,Chrysler,Davidesco,30/03/14722,4,24/08/2020,253.212.74.248,762
763,Rosalia,Walhedd,01/01/19308,1,23/10/2004,136.226.49.232,763
764,Margarethe,Zoanetti,04/07/11196,5,02/02/2011,81.212.29.175,764
765,Georgie,Brychan,28/07/18419,17,09/04/2012,123.112.73.3,765
766,Thaxter,Kirsopp,30/03/6930,5,13/02/2012,209.99.20.150,766
767,Vere,Trewinnard,22/02/17944,6,24/01/2019,109.57.66.86,767
768,Prinz,Sheerin,14/12/16135,19,05/09/2007,147.41.82.175,768
769,Darnell,de'-Ancy Willis,15/07/18988,17,14/10/2008,249.12.11.129,769
770,Ainslie,Spargo,08/06/11849,17,04/12/2007,2.201.245.78,770
771,Gery,Steven,10/08/4680,3,04/07/2007,37.15.158.229,771
772,Lazaro,Girodon,24/09/17001,3,05/12/2012,176.95.245.226,772
773,Fairleigh,Tyrie,12/12/8178,15,31/12/2017,18.84.150.90,773
774,Yvonne,Smyley,26/09/7688,2,11/07/2014,86.225.158.67,774
775,Drud,Killimister,02/02/17197,2,17/10/2005,137.183.62.110,775
776,Rhody,Bullen,17/04/11594,13,23/08/2020,115.84.30.3,776
777,Ali,Ritchley,13/09/12014,13,15/05/2009,207.29.108.21,777
778,Abigale,Whales,01/02/12306,19,01/12/2008,4.162.192.108,778
779,Bamby,Tollerton,28/04/10681,8,04/10/2015,102.251.91.97,779
780,Teodoro,Yarnton,05/10/14637,18,14/07/2010,121.29.34.55,780
781,Arlana,Prewer,21/12/3464,20,01/09/2016,124.188.1.177,781
782,Cari,Arnaldo,30/12/12505,4,11/04/2002,210.9.34.193,782
783,Xenos,Kiffin,06/01/15226,13,10/04/2009,209.73.85.118,783
784,Urbanus,Dahlman,06/02/10357,1,14/05/2010,77.222.222.170,784
785,Thomasina,Cromarty,29/10/4932,11,16/02/2014,133.229.42.152,785
786,Jena,Bygrave,05/05/14362,3,19/07/2011,135.200.77.155,786
787,Any,Bugbird,02/08/5845,7,06/05/2010,178.158.164.53,787
788,Nerita,Villalta,26/07/5664,20,11/01/2016,232.196.56.160,788
789,Helli,Peskett,11/11/16134,9,19/01/2002,192.213.25.90,789
790,Dilly,Kahn,17/01/18668,10,26/10/2005,6.24.196.145,790
791,Deloria,Galliard,05/03/7269,20,19/05/2004,106.168.158.58,791
792,Agathe,Reed,24/10/10510,20,06/08/2019,226.108.206.40,792
793,Florri,Jinkins,02/07/16296,1,20/11/2011,247.211.24.47,793
794,Ronny,Tooze,27/02/14988,12,23/11/2018,224.47.249.115,794
795,Richie,Tamburi,21/01/8711,11,11/02/2014,94.97.226.185,795
796,Brocky,Kellogg,04/09/7182,5,18/02/2006,77.86.228.145,796
797,Damien,Lavelle,05/05/19465,16,23/08/2019,58.253.213.9,797
798,Isobel,Sclanders,10/02/9840,4,22/01/2006,181.184.163.30,798
799,Phebe,South,18/05/19600,13,02/08/2010,20.222.210.16,799
800,Nessy,Mandell,26/03/4536,18,26/11/2008,107.211.121.102,800
801,Ora,Tanzig,22/02/10619,12,26/08/2005,139.185.36.214,801
802,Ray,Yanshonok,16/08/12028,8,05/01/2001,130.96.59.115,802
803,Andrea,Peever,02/04/16676,8,04/06/2008,103.119.113.184,803
804,Linn,Kelleway,29/01/18691,7,04/09/2017,132.139.11.74,804
805,Charo,Simonassi,20/01/6303,8,11/10/2005,44.205.193.189,805
806,Karel,Scotti,08/10/10248,20,17/11/2020,95.24.25.112,806
807,Brandise,Leggan,18/12/18997,12,11/05/2019,229.37.220.78,807
808,Honey,Horbart,30/08/2776,6,18/05/2009,56.40.4.34,808
809,Sandy,Donizeau,30/08/7800,3,28/08/2004,85.198.227.55,809
810,Oralee,Conklin,19/08/7955,20,12/06/2005,139.22.149.118,810
811,Nicholle,Camfield,19/04/2024,14,21/05/2009,54.23.24.191,811
812,Dave,Hambidge,17/11/7953,11,23/05/2016,109.132.101.85,812
813,Averil,MacIlhargy,18/06/17917,11,04/06/2018,167.248.113.133,813
814,Coraline,O'Grogane,17/12/13544,12,21/08/2008,15.105.49.73,814
815,Alethea,Sporgeon,07/07/16509,15,18/11/2003,228.156.218.150,815
816,Purcell,Cogan,16/04/19924,12,11/10/2013,154.77.183.2,816
817,Zara,Grossman,23/04/13779,4,03/12/2018,51.219.38.189,817
818,Logan,Siberry,26/06/13702,9,06/02/2016,169.53.55.2,818
819,Beulah,Chicotti,20/07/11570,14,21/04/2004,79.120.244.149,819
820,Andy,Scourgie,16/11/5749,9,03/12/2009,55.226.213.178,820
821,Kamillah,Hallahan,15/10/10284,9,03/12/2009,116.64.133.31,821
822,Brnaby,Duddan,14/06/7082,8,02/07/2004,15.144.186.247,822
823,Scarlett,Benton,08/03/12037,15,06/02/2002,153.232.219.167,823
824,Melisse,Sweatman,21/09/18130,3,08/03/2005,0.143.67.116,824
825,Arlyne,Dranfield,03/08/10236,1,25/05/2020,79.11.244.101,825
826,Hilliary,Northall,23/03/3473,19,20/05/2020,170.252.99.179,826
827,Leona,De Bell,08/01/7270,3,16/05/2010,126.88.6.51,827
828,Jackqueline,Swyre,25/01/10315,4,11/10/2012,250.166.159.62,828
829,Clerkclaude,Willshee,29/09/5530,18,14/07/2015,180.29.90.93,829
830,Nataline,Stickings,18/10/11091,15,19/06/2002,137.72.108.13,830
831,Andi,Sitlinton,14/11/6645,4,06/05/2015,203.32.93.219,831
832,Adelheid,Baggallay,18/12/5535,10,07/04/2006,75.122.13.153,832
833,Angel,Coda,12/06/18116,3,20/07/2020,68.12.68.18,833
834,Siegfried,Trevear,11/02/13979,19,02/11/2009,97.180.76.187,834
835,Henri,Wallwood,03/11/18532,19,31/10/2013,248.253.51.102,835
836,Bekki,Witt,28/11/14369,6,16/09/2015,117.96.23.50,836
837,Ansley,Pinare,31/03/19926,16,03/06/2006,74.24.213.112,837
838,Lilith,Batrip,23/10/3545,11,16/11/2002,152.57.51.174,838
839,Brittan,Dedney,08/10/19918,10,05/10/2007,194.194.189.188,839
840,Merwin,Vasilchikov,24/10/15309,13,09/08/2007,178.10.182.85,840
841,Cookie,Pilpovic,06/09/10501,4,24/12/2012,115.214.169.47,841
842,Rip,Knox,25/04/16178,13,30/11/2014,163.202.72.64,842
843,Nollie,Macourek,06/06/15286,15,18/02/2004,59.164.73.62,843
844,Rouvin,Liptrot,17/01/5864,19,31/10/2006,138.77.150.45,844
845,Minny,Seggie,14/04/4724,7,03/12/2019,166.84.21.185,845
846,Tami,Lile,23/12/13692,13,19/09/2012,50.81.74.45,846
847,Berkly,Lanfer,27/12/2671,15,16/03/2018,47.179.188.125,847
848,Frans,Katz,30/12/16964,15,12/05/2013,133.95.38.185,848
849,Emelita,Deeming,12/11/11182,9,27/03/2013,24.66.218.144,849
850,Gerhard,Thompson,23/09/13512,10,26/03/2015,153.26.216.106,850
851,Reidar,Grabb,13/11/11611,2,27/07/2017,28.178.241.253,851
852,Barbey,Tuddall,01/08/10980,13,14/06/2015,222.246.232.107,852
853,Giffie,Stoner,22/04/8418,8,26/11/2010,32.64.168.50,853
854,Waverley,Stock,26/07/8893,12,16/08/2005,97.2.235.82,854
855,Tonya,Pietrzyk,18/02/17789,13,24/11/2018,144.210.143.221,855
856,Paolina,Steet,07/06/10689,1,08/11/2001,198.130.54.63,856
857,Laurie,Aburrow,07/02/5346,15,06/09/2020,45.238.51.38,857
858,Chet,Whapham,16/01/18401,3,21/08/2015,147.45.4.124,858
859,Melisse,Shergold,25/08/7331,7,12/09/2019,145.44.88.233,859
860,Ediva,Pawson,31/03/14178,3,09/07/2001,87.252.146.136,860
861,Victoir,Koppeck,26/06/5578,6,25/09/2008,245.223.115.159,861
862,Freddy,Compfort,07/12/11045,10,15/06/2001,1.104.112.200,862
863,Berthe,Chatan,14/07/2610,19,10/11/2015,176.48.215.158,863
864,Del,Eddowis,30/12/17231,15,04/09/2004,121.201.192.205,864
865,Danna,Weekley,15/08/14489,14,23/02/2012,121.24.80.129,865
866,Jocelin,McKeon,28/08/18759,6,17/06/2020,193.184.86.151,866
867,Sybila,Crosi,05/03/4796,16,23/09/2010,157.119.152.201,867
868,Eva,Badman,09/07/14548,6,28/04/2009,226.43.7.20,868
869,Stuart,Kingcott,10/05/17941,9,29/06/2001,194.251.60.238,869
870,Nana,Windeatt,29/08/17059,3,03/07/2013,134.186.130.189,870
871,Wilma,Feaviour,22/07/10196,5,21/07/2007,255.115.116.105,871
872,Germain,Fellini,12/10/5991,9,17/01/2009,6.8.206.61,872
873,Cooper,Iozefovich,06/06/8214,6,20/10/2015,194.6.99.246,873
874,Caresse,Reagan,06/11/17770,18,25/05/2018,33.59.173.96,874
875,Cory,Cromack,24/09/4979,9,19/02/2012,184.18.11.90,875
876,Rickie,Taffrey,23/01/4909,18,15/08/2013,63.77.128.206,876
877,Wileen,Spain-Gower,27/10/4739,1,03/10/2007,122.242.69.242,877
878,Helsa,Gannicleff,01/08/19978,4,23/04/2005,192.31.60.215,878
879,Archaimbaud,Sainsbury-Brown,18/01/17992,20,17/05/2020,222.41.42.101,879
880,Karleen,Broggio,06/02/13526,10,08/06/2003,125.114.111.235,880
881,Hans,Titherington,19/10/16002,6,29/05/2018,66.70.93.8,881
882,Allie,Meineken,16/05/5093,3,21/08/2005,159.91.207.166,882
883,Marcello,Meller,30/05/18971,16,05/09/2007,252.87.139.238,883
884,Rodolphe,Paull,07/11/15104,1,02/08/2017,16.7.157.219,884
885,Rahel,Perigo,14/07/4427,6,08/10/2018,44.63.218.26,885
886,Kali,Daines,31/01/10779,17,28/09/2001,167.253.8.159,886
887,Jackie,Hillyatt,14/12/12203,19,05/01/2014,10.109.90.242,887
888,Mariquilla,Dugood,07/07/11567,16,12/04/2003,131.41.62.180,888
889,Cale,Dennidge,15/04/18250,3,26/03/2014,165.236.175.179,889
890,Alejoa,Parnham,11/02/19716,14,27/08/2017,197.187.99.12,890
891,Nancee,Ragsdall,25/07/11709,14,07/12/2016,138.35.89.140,891
892,Lucky,Thurlborn,18/11/16994,11,19/01/2016,120.163.147.46,892
893,Hadleigh,Henrie,03/02/15858,9,09/06/2018,20.94.197.129,893
894,Ella,Ogelsby,22/03/17168,10,16/10/2016,51.89.106.189,894
895,Parke,Simonelli,08/10/19011,5,02/01/2020,98.143.35.21,895
896,Rodger,Wimpenny,15/12/8199,14,18/01/2006,181.119.117.96,896
897,Cyndi,Ragsdall,28/03/8816,12,06/02/2009,39.172.69.129,897
898,Grover,Irlam,31/03/18775,9,17/08/2016,52.234.30.143,898
899,Meredith,Whittlesee,26/05/13878,1,29/06/2019,164.129.251.74,899
900,Dido,Ronchi,08/12/2279,6,24/10/2010,26.213.75.126,900
901,Velvet,Betteridge,03/06/14014,15,07/03/2007,246.58.47.177,901
902,Keefer,Boath,10/10/13622,2,04/07/2017,88.99.102.176,902
903,Thom,Hug,20/08/14360,8,09/04/2008,3.240.219.255,903
904,Gavan,Simonsson,22/10/11193,19,02/09/2006,174.114.93.191,904
905,Min,Jockle,05/04/18341,3,05/11/2016,242.9.61.192,905
906,Hayyim,Lefeaver,05/09/11315,18,02/09/2018,254.81.157.224,906
907,Bondie,Shillom,15/03/7692,14,22/11/2014,59.172.46.47,907
908,Baryram,Russo,18/08/3487,18,05/08/2002,169.193.20.179,908
909,Maible,Blankett,13/10/11633,7,09/10/2002,49.245.5.61,909
910,Berry,Dunphy,19/04/14836,7,18/12/2016,31.12.194.112,910
911,Virge,Hehl,07/11/17186,15,26/07/2017,95.177.188.85,911
912,Damon,Simmon,29/09/9963,19,21/09/2015,18.157.143.110,912
913,Boycey,Flanders,08/02/19618,6,04/08/2019,52.7.215.190,913
914,Ailey,Mangion,03/05/11627,12,04/04/2010,163.80.247.150,914
915,Clemente,Bunnell,06/03/12489,7,11/12/2019,146.187.217.79,915
916,Rafa,Melluish,28/11/19247,6,28/01/2010,31.180.210.207,916
917,Jenn,Mangeon,24/06/9276,16,14/02/2015,51.247.15.144,917
918,Salomo,Campanelle,02/08/5737,3,28/05/2018,16.8.41.248,918
919,Shelagh,Burkin,02/02/16865,12,07/05/2017,207.81.83.244,919
920,Der,Dominka,28/04/18346,6,16/06/2010,215.149.114.188,920
921,Forester,Gallacher,14/01/7055,18,22/07/2011,197.189.120.21,921
922,Quintilla,Berlin,17/03/4921,14,14/12/2013,140.117.92.13,922
923,Arvie,Chrisp,18/05/6035,17,06/10/2005,99.240.106.251,923
924,Aurea,Lafflina,26/10/19451,7,19/05/2016,52.7.43.174,924
925,Vassili,Callington,08/08/7835,7,29/01/2019,86.36.201.15,925
926,Xaviera,Mudle,10/12/12368,10,15/10/2017,57.67.116.78,926
927,Lainey,Chalkly,01/04/7474,7,22/09/2013,0.64.87.203,927
928,Bess,Chancelier,25/02/13146,1,10/01/2005,183.28.79.42,928
929,Marsh,Grindley,05/05/8957,2,29/11/2019,38.209.180.51,929
930,Kit,Piborn,17/08/2499,10,15/09/2006,172.229.76.240,930
931,Giacopo,Gouda,27/04/12584,19,22/07/2017,173.155.247.43,931
932,Ainsley,Bradder,05/03/8185,8,15/02/2015,64.8.103.54,932
933,Kelcie,Whitland,30/06/5123,1,20/09/2008,233.12.83.60,933
934,Anton,Guynemer,03/07/8513,20,24/12/2014,188.246.83.217,934
935,Nickola,Phillcox,08/03/16726,10,26/07/2015,25.83.0.89,935
936,Hodge,Willshee,10/03/4833,5,10/06/2018,123.24.224.158,936
937,Mavra,Emig,31/03/13934,1,30/12/2016,205.126.115.12,937
938,Gail,Stuffins,15/08/10185,11,04/04/2019,140.181.89.252,938
939,Jess,MacSweeney,19/11/12403,2,26/02/2017,39.233.20.2,939
940,Joyous,Slaght,08/06/8872,2,01/12/2015,12.52.226.82,940
941,Cord,Freed,12/04/5473,19,06/03/2006,182.158.123.100,941
942,Chelsae,Cozens,01/12/11198,8,18/06/2015,75.221.98.211,942
943,Erinna,Welbourn,12/01/14266,16,20/12/2004,167.155.230.44,943
944,Valdemar,Sawtell,24/11/15420,8,14/04/2017,94.240.19.121,944
945,Ruthanne,Epelett,16/07/14429,18,13/11/2015,220.6.82.88,945
946,Elianora,Cardenosa,06/11/19623,3,16/10/2017,30.85.123.122,946
947,Hamish,Coldbreath,14/06/4389,10,06/07/2017,2.84.158.21,947
948,Julianne,Hearnah,04/12/8994,16,24/10/2002,205.234.130.56,948
949,Uriah,Dreakin,11/09/18056,20,27/08/2015,221.29.211.239,949
950,Hammad,Tolan,02/08/5324,16,19/05/2007,238.162.119.254,950
951,Blondell,Arnason,20/08/5302,13,06/02/2013,5.79.0.133,951
952,Brew,Cammock,24/01/10870,15,27/08/2006,213.105.26.69,952
953,Juditha,MacNockater,15/03/12520,6,27/08/2013,185.168.240.168,953
954,Germayne,Bilovus,18/04/16996,19,18/03/2015,150.28.213.174,954
955,Sharl,Laurenzi,17/08/19715,17,21/01/2005,251.174.105.182,955
956,Janot,Dowthwaite,28/02/9346,7,30/10/2004,82.132.0.242,956
957,Reuben,Bruggen,20/07/14334,10,13/03/2012,135.233.62.245,957
958,Lorna,Merrywether,19/07/13590,12,19/04/2005,173.23.109.183,958
959,Curran,Daspar,19/07/2753,10,31/12/2015,232.13.20.116,959
960,Duffy,Bunn,06/10/4103,1,19/10/2016,77.109.119.130,960
961,Alexandre,Winkell,06/06/10545,4,18/11/2015,165.127.252.52,961
962,Denyse,Walburn,22/10/17262,3,11/10/2015,219.97.26.221,962
963,Dionis,Rowntree,10/12/16615,5,22/01/2018,252.134.4.184,963
964,Wheeler,Twidell,23/09/2168,5,10/07/2007,128.198.1.66,964
965,Darill,Webley,02/03/12316,1,20/05/2006,111.146.40.19,965
966,Clovis,Titman,01/07/6533,16,23/09/2002,239.218.56.26,966
967,Felipa,Maymond,05/11/17222,7,26/01/2014,63.15.149.232,967
968,Ninetta,Yesenev,16/10/19502,17,08/08/2004,196.20.223.85,968
969,Elaina,Leneve,31/05/3429,8,22/03/2008,92.218.150.205,969
970,Dulcia,Colleck,08/01/19636,2,04/07/2015,92.205.237.73,970
971,Hilde,Kondrat,30/08/8626,18,01/10/2009,192.241.32.100,971
972,Redd,Gerhold,12/08/18762,6,05/02/2016,54.17.125.167,972
973,Keefe,Radsdale,27/04/17012,12,26/09/2011,135.196.63.85,973
974,Sidoney,Dorking,14/03/8663,16,05/02/2006,100.85.100.141,974
975,Cornela,Balaison,16/12/18350,17,23/10/2010,228.111.135.195,975
976,Ezri,Dowzell,13/01/6015,17,13/09/2008,176.177.76.18,976
977,Jessee,Legonidec,11/06/3471,9,11/03/2002,142.122.53.40,977
978,Prudence,Wellan,12/10/5746,1,23/06/2013,152.140.71.210,978
979,Piper,Klugel,18/05/7330,15,18/01/2002,170.62.133.36,979
980,Rey,Hubeaux,26/07/9141,14,08/10/2016,5.20.88.34,980
981,Ollie,Bufton,04/02/2577,12,06/08/2013,88.53.219.184,981
982,Vincenz,Dixson,30/12/8830,15,19/11/2005,235.139.142.88,982
983,Car,Breede,11/03/12272,6,06/01/2006,136.175.130.251,983
984,Xaviera,Keam,27/08/17820,20,12/09/2011,117.5.83.203,984
985,Maje,Dudgeon,30/03/19433,6,03/12/2010,19.28.236.59,985
986,Dolorita,Udell,27/06/10997,18,18/01/2020,248.235.48.236,986
987,Sheryl,Abercrombie,29/08/9563,6,24/01/2013,222.155.190.108,987
988,Karia,Blown,29/09/6205,15,21/02/2001,196.253.99.166,988
989,Krisha,Loyns,26/12/2923,16,20/10/2013,63.205.141.20,989
990,Glyn,Kee,07/05/6747,8,14/12/2001,148.218.213.193,990
991,Elysia,Spehr,18/11/4757,19,04/07/2008,183.192.219.101,991
992,Gerrie,Saye,09/11/12836,14,29/12/2003,40.74.118.156,992
993,Susette,Bamlett,30/01/2835,19,24/06/2019,244.34.171.50,993
994,Dorey,Carcas,05/03/11295,14,26/02/2011,229.203.108.55,994
995,Ruth,Ambrosoni,11/05/6950,11,27/02/2002,206.31.181.195,995
996,Morten,Sauvage,27/12/9750,20,04/02/2016,114.157.176.55,996
997,Melicent,Strutz,22/08/3657,16,15/05/2006,253.174.211.131,997
998,Lyndsay,McPake,14/06/15295,19,10/03/2013,27.228.220.254,998
999,Catrina,Hunting,07/10/4978,1,24/05/2007,93.99.247.81,999
1000,Pru,Vanin,15/01/5417,14,14/04/2011,220.192.220.191,1000
